benchmark,method,status,runs,warmup_runs,mean_gpu_submit_wait_ms,min_gpu_submit_wait_ms,max_gpu_submit_wait_ms,note
synthetic_fully_parallel,sequential_method,ok,12,2,391.385300,391.168000,391.555000,shared task-graph benchmark input
synthetic_mixed_chain_parallel,sequential_method,ok,12,2,391.532100,391.309000,391.664000,shared task-graph benchmark input
synthetic_multiple_long_branches,sequential_method,ok,12,2,391.428500,391.297000,391.652000,shared task-graph benchmark input
synthetic_random_dag,sequential_method,ok,12,2,760.092600,759.951000,760.232000,shared task-graph benchmark input
synthetic_sequential_chain,sequential_method,ok,12,2,391.394600,391.325000,391.451000,shared task-graph benchmark input
synthetic_fully_parallel,existing_method,ok,12,2,106.775300,106.505000,107.108000,shared task-graph benchmark input
synthetic_mixed_chain_parallel,existing_method,ok,12,2,275.631500,275.096000,276.134000,shared task-graph benchmark input
synthetic_multiple_long_branches,existing_method,ok,12,2,128.509100,126.500000,130.515000,shared task-graph benchmark input
synthetic_random_dag,existing_method,ok,12,2,217.464700,216.389000,218.449000,shared task-graph benchmark input
synthetic_sequential_chain,existing_method,ok,12,2,393.127500,392.877000,393.406000,shared task-graph benchmark input
synthetic_fully_parallel,existing_method_green_context,ok,12,2,114.573600,114.348000,114.825000,shared task-graph benchmark input
synthetic_mixed_chain_parallel,existing_method_green_context,ok,12,2,355.027300,354.732000,355.391000,shared task-graph benchmark input
synthetic_multiple_long_branches,existing_method_green_context,ok,12,2,132.417800,132.031000,132.975000,shared task-graph benchmark input
synthetic_random_dag,existing_method_green_context,ok,12,2,272.411900,272.103000,272.779000,shared task-graph benchmark input
synthetic_sequential_chain,existing_method_green_context,ok,12,2,393.139900,392.675000,393.547000,shared task-graph benchmark input
synthetic_fully_parallel,proposed_method,ok,12,2,147.292600,146.277000,149.651000,shared task-graph benchmark input
synthetic_mixed_chain_parallel,proposed_method,ok,12,2,250.260500,249.920000,250.608000,shared task-graph benchmark input
synthetic_multiple_long_branches,proposed_method,ok,12,2,149.739100,149.057000,150.182000,shared task-graph benchmark input
synthetic_random_dag,proposed_method,ok,12,2,292.498700,290.803000,293.236000,shared task-graph benchmark input
synthetic_sequential_chain,proposed_method,ok,12,2,366.231800,365.896000,366.586000,shared task-graph benchmark input
